"Issue Type","Issue ID","Parent ID","Epic Link","Epic Name","Summary","Priority","Story Points","Phase","Labels","PRR Refs","Description","Acceptance Criteria"
"Epic","ACRME-E01","","","Foundation & Platform Infrastructure","Foundation & Platform Infrastructure","","","","ACRME","§23 Logical Component Architecture; §24 MG & Subscription Topology; §38 WAF","Stand up the buildable core: CQRS command/query separation, saga orchestration, the command/event bus, the authoritative engine state store, and provider-isolated Azure adapters.",""
"Story","ACRME-S0101","ACRME-E01","ACRME-E01","","CQRS Command and Query API skeleton behind API gateway","Highest","8","P1","ACRME P1","§23; §35","As a platform engineer, I want a Command API and a Query API fronted by an API gateway, so that state-changing and read operations are cleanly separated and independently scalable.","- Command API and Query API are deployed as separate services behind the API gateway.
- All mutations route only through the Command API; all reads only through the Query API.
- Health/readiness probes return 200 for both services.
- Requests are traced end-to-end with a correlation ID."
"Sub-task","ACRME-T010101","ACRME-S0101","ACRME-E01","","Scaffold Command API service (routing, DI, config, health probes)","Highest","","P1","ACRME P1","","",""
"Sub-task","ACRME-T010102","ACRME-S0101","ACRME-E01","","Scaffold Query API service (routing, DI, config, health probes)","Highest","","P1","ACRME P1","","",""
"Sub-task","ACRME-T010103","ACRME-S0101","ACRME-E01","","Configure API gateway routes, request size limits, and correlation-ID propagation","Highest","","P1","ACRME P1","","",""
"Sub-task","ACRME-T010104","ACRME-S0101","ACRME-E01","","Add structured logging and distributed tracing baseline","Highest","","P1","ACRME P1","","",""
"Story","ACRME-S0102","ACRME-E01","ACRME-E01","","Saga orchestrator and command/event bus","Highest","13","P1","ACRME P1","§23; §38 Reliability","As a platform engineer, I want a persisted saga orchestrator driving operation workers over a command/event bus, so that multi-step Azure operations run reliably with checkpoints and compensation.

Depends on: ACRME-S0101","- Sagas persist each step with a checkpoint and support compensation on failure (closes R-26).
- Operation workers consume commands from the bus and publish events idempotently.
- A partially failed saga can be resumed or compensated without duplicate side effects.
- Saga state is queryable via the operation resource."
"Sub-task","ACRME-T010201","ACRME-S0102","ACRME-E01","","Implement persisted saga state machine with checkpointing","Highest","","P1","ACRME P1","","",""
"Sub-task","ACRME-T010202","ACRME-S0102","ACRME-E01","","Implement command/event bus abstraction and worker pool","Highest","","P1","ACRME P1","","",""
"Sub-task","ACRME-T010203","ACRME-S0102","ACRME-E01","","Implement compensation handlers and partial-saga recovery","Highest","","P1","ACRME P1","","",""
"Sub-task","ACRME-T010204","ACRME-S0102","ACRME-E01","","Add idempotent event publication and de-duplication","Highest","","P1","ACRME P1","","",""
"Story","ACRME-S0103","ACRME-E01","ACRME-E01","","Authoritative engine state store and regional snapshot store","Highest","8","P1","ACRME P1","§23; §34; R-33","As a platform engineer, I want an authoritative engine-intent store plus a regional snapshot store, so that engine intent and cached Azure state are separated with clear ownership.

Depends on: ACRME-S0101","- Engine state store is authoritative for engine intent; Azure RPs remain authoritative for Azure state.
- Regional snapshot store holds versioned snapshots consumed by placement.
- Throughput is load-tested and autoscale target documented (closes R-33).
- Optimistic concurrency (state version) is enforced on writes."
"Sub-task","ACRME-T010301","ACRME-S0103","ACRME-E01","","Model and provision the authoritative state store with versioning","Highest","","P1","ACRME P1","","",""
"Sub-task","ACRME-T010302","ACRME-S0103","ACRME-E01","","Model and provision the versioned regional snapshot store","Highest","","P1","ACRME P1","","",""
"Sub-task","ACRME-T010303","ACRME-S0103","ACRME-E01","","Load-test throughput and set autoscale targets (R-33)","Highest","","P1","ACRME P1","","",""
"Story","ACRME-S0104","ACRME-E01","ACRME-E01","","Provider-isolated Azure Resource Manager adapters","High","5","P1","ACRME P1","§23; §21; R-01","As a platform engineer, I want Azure API adapters isolated per resource provider behind a stable interface, so that preview APIs can be flag-gated and swapped without touching business logic.

Depends on: ACRME-S0102","- Compute, Reservations, Quota, and Resource Graph adapters sit behind stable interfaces.
- Each adapter records API version used per call for evidence.
- Adapters are individually mockable for unit tests."
"Sub-task","ACRME-T010401","ACRME-S0104","ACRME-E01","","Define adapter interfaces per resource provider","High","","P1","ACRME P1","","",""
"Sub-task","ACRME-T010402","ACRME-S0104","ACRME-E01","","Implement Compute/Reservations/Quota/ARG adapters with API-version capture","High","","P1","ACRME P1","","",""
"Sub-task","ACRME-T010403","ACRME-S0104","ACRME-E01","","Add adapter-level mocks and contract fixtures","High","","P1","ACRME P1","","",""
"Story","ACRME-S0105","ACRME-E01","ACRME-E01","","Management-group and subscription topology bootstrap","High","5","P1","ACRME P1","§24","As a platform operator, I want the platform/customer MG and provider/consumer subscription topology provisioned as code, so that the engine UAMI and CRGs live in a governed, repeatable hierarchy.","- Platform MG (provider + engine subs) and customer MG (prod/nonprod/dr subs) provisioned via IaC.
- Engine UAMI created in the engine subscription and referenced by downstream role assignments.
- Topology is parameterised so a customer need not share one hierarchy."
"Sub-task","ACRME-T010501","ACRME-S0105","ACRME-E01","","Author IaC for management-group and subscription topology","High","","P1","ACRME P1","","",""
"Sub-task","ACRME-T010502","ACRME-S0105","ACRME-E01","","Provision engine User-Assigned Managed Identity","High","","P1","ACRME P1","","",""
"Sub-task","ACRME-T010503","ACRME-S0105","ACRME-E01","","Parameterise topology for per-customer variation","High","","P1","ACRME P1","","",""
"Epic","ACRME-E02","","","Subscription & Onboarding Lifecycle","Subscription & Onboarding Lifecycle","","","","ACRME","§22 Must; §26; §43 Onboarding; Runbook B","Onboard and offboard customer subscriptions with provider/consumer authorization validation, location-separation enforcement, and full read-back before a customer is marked ready.",""
"Story","ACRME-S0201","ACRME-E02","ACRME-E02","","Subscription onboarding workflow with prerequisite gates","Highest","13","P1","ACRME P1","§43 Onboarding; §22 Must","As a operations engineer, I want a gated onboarding workflow that collects inputs and validates every prerequisite, so that no customer reaches shared capacity until all checks pass and are recorded.

Depends on: ACRME-S0102","- Onboarding collects account details, environments, SKUs/regions, recovery objectives, and consent.
- Workflow blocks progression until zone map, sharing read-back, quota, and DR-floor checks pass.
- Customer marked ready only after all confirmation gates succeed.
- Every gate result is persisted to the audit trail."
"Sub-task","ACRME-T020101","ACRME-S0201","ACRME-E02","","Model ManagedSubscription entity and onboarding state machine","Highest","","P1","ACRME P1","","",""
"Sub-task","ACRME-T020102","ACRME-S0201","ACRME-E02","","Implement input-collection and consent capture step","Highest","","P1","ACRME P1","","",""
"Sub-task","ACRME-T020103","ACRME-S0201","ACRME-E02","","Wire prerequisite gates (zone, sharing, quota, DR floor) as blocking checks","Highest","","P1","ACRME P1","","",""
"Sub-task","ACRME-T020104","ACRME-S0201","ACRME-E02","","Implement 'ready' marking with full read-back confirmation","Highest","","P1","ACRME P1","","",""
"Story","ACRME-S0202","ACRME-E02","ACRME-E02","","Provider and consumer authorization validation","Highest","8","P1","ACRME P1","§25; §22 Must","As a security-conscious operator, I want provider registration and consumer deployment rights validated during onboarding, so that sharing and deployment cannot proceed on an unauthorized subscription.

Depends on: ACRME-S0201","- Provider subscription and RP registration validated before any sharing action.
- Consumer deployment identity rights on the target CRG validated and read back.
- Validation failure blocks onboarding with a structured precondition error."
"Sub-task","ACRME-T020201","ACRME-S0202","ACRME-E02","","Validate provider subscription + resource provider registration","Highest","","P1","ACRME P1","","",""
"Sub-task","ACRME-T020202","ACRME-S0202","ACRME-E02","","Validate consumer deployment identity rights on CRG scope","Highest","","P1","ACRME P1","","",""
"Sub-task","ACRME-T020203","ACRME-S0202","ACRME-E02","","Emit structured precondition failures on authorization gaps","Highest","","P1","ACRME P1","","",""
"Story","ACRME-S0203","ACRME-E02","ACRME-E02","","Location separation enforcement (hard constraint) at onboarding","Highest","5","P1","ACRME P1","§43 Onboarding; HC separation","As a capacity architect, I want onboarding to reject layouts where Prod/NonProd/DR are not correctly separated, so that a single regional event cannot take out incompatible environments.

Depends on: ACRME-S0201","- Prod and DR in the same location is rejected; Prod and NonProd in the same location is rejected.
- NonProd co-located with DR is allowed only with recorded policy + customer acceptance.
- Rejection reason is explicit and audited."
"Sub-task","ACRME-T020301","ACRME-S0203","ACRME-E02","","Implement separation-rule validator for environment layout","Highest","","P1","ACRME P1","","",""
"Sub-task","ACRME-T020302","ACRME-S0203","ACRME-E02","","Add NonProd/DR co-location policy exception with acceptance capture","Highest","","P1","ACRME P1","","",""
"Story","ACRME-S0204","ACRME-E02","ACRME-E02","","Subscription lifecycle monitoring and offboarding","High","8","P1","ACRME P1","Runbook B; R-10; R-28","As a operations engineer, I want lifecycle monitoring plus a controlled offboarding checklist, so that suspension/transfer and offboarding never strand running VM restarts.

Depends on: ACRME-S0202","- Subscription suspension/transfer triggers revalidation and an alert (closes R-28).
- Offboarding checks active associations before removing sharing (closes R-10).
- Offboarding defaults to deny when active associations exist."
"Sub-task","ACRME-T020401","ACRME-S0204","ACRME-E02","","Implement subscription lifecycle monitor + revalidation (R-28)","High","","P1","ACRME P1","","",""
"Sub-task","ACRME-T020402","ACRME-S0204","ACRME-E02","","Implement offboarding checklist with association pre-checks (R-10)","High","","P1","ACRME P1","","",""
"Epic","ACRME-E03","","","CRG & Capacity Reservation Management","CRG & Capacity Reservation Management","","","","ACRME","§25; §30; §5 CR quantity update","Inventory, create, and safely mutate Capacity Reservation Groups and Capacity Reservations modeled by SKU and zone, with guarded quantity changes and no unsafe auto-decrease in Phase 1.",""
"Story","ACRME-S0301","ACRME-E03","ACRME-E03","","CRG and CR inventory by SKU and zone","Highest","8","P1","ACRME P1","§25; §34","As a capacity operator, I want authoritative inventory of CRGs and CRs modeled per SKU and zone, so that placement and scaling decisions run on accurate capacity state.

Depends on: ACRME-S0104","- CRG hierarchy (Prod/NonProd/DR per region) inventoried with CRs by SKU and zone.
- Provider-side inventory is authoritative; ARG used only for diagnostics (R-03).
- Inventory refresh confirms against ARM before use for mutation (R-04)."
"Sub-task","ACRME-T030101","ACRME-S0301","ACRME-E03","","Model CapacityReservationGroup and CapacityReservation entities","Highest","","P1","ACRME P1","","",""
"Sub-task","ACRME-T030102","ACRME-S0301","ACRME-E03","","Implement inventory sync with SKU/zone dimensioning","Highest","","P1","ACRME P1","","",""
"Sub-task","ACRME-T030103","ACRME-S0301","ACRME-E03","","Mark provider inventory authoritative; ARG diagnostics-only (R-03/R-04)","Highest","","P1","ACRME P1","","",""
"Story","ACRME-S0302","ACRME-E03","ACRME-E03","","Guarded CR quantity increase","High","8","P1","ACRME P1","§30; R-15; G-24","As a capacity operator, I want approval-gated CR quantity increases via tracked operations, so that capacity grows safely without cost or capacity surprises.

Depends on: ACRME-S0301, ACRME-S0902","- CapacityIncreaseRequest entity with lifecycle, approval, retry, and cancellation (closes G-24).
- Increase requires operator approval and enforces a policy maximum delta (R-15).
- Quantity updated only after validated quota; actual quantity confirmed after change."
"Sub-task","ACRME-T030201","ACRME-S0302","ACRME-E03","","Model CapacityIncreaseRequest entity + lifecycle (G-24)","High","","P1","ACRME P1","","",""
"Sub-task","ACRME-T030202","ACRME-S0302","ACRME-E03","","Implement approval gate and max-delta guard (R-15)","High","","P1","ACRME P1","","",""
"Sub-task","ACRME-T030203","ACRME-S0302","ACRME-E03","","Implement quota-validated update with post-change confirmation","High","","P1","ACRME P1","","",""
"Sub-task","ACRME-T030204","ACRME-S0302","ACRME-E03","","Add retry and cancellation handling to the request lifecycle","High","","P1","ACRME P1","","",""
"Story","ACRME-S0303","ACRME-E03","ACRME-E03","","Guarded CR reduction with zero-reduction and running-VM safety","High","5","P1","ACRME P1","§5 CR quantity update; R-09","As a capacity operator, I want CR reduction blocked for unknown/destructive scenarios, so that reductions never silently remove capacity relied on by running VMs.

Depends on: ACRME-S0301","- Reduction below allocated/running usage is blocked with a scenario matrix (R-09).
- Zero-size and unknown-behavior scenarios are blocked pending POC evidence.
- Auto-decrease is disabled in Phase 1."
"Sub-task","ACRME-T030301","ACRME-S0303","ACRME-E03","","Implement reduction floor validator against allocation/running usage","High","","P1","ACRME P1","","",""
"Sub-task","ACRME-T030302","ACRME-S0303","ACRME-E03","","Encode CR reduction scenario matrix and block unknowns (R-09)","High","","P1","ACRME P1","","",""
"Epic","ACRME-E04","","","CRG Sharing & Consumer Authorization","CRG Sharing & Consumer Authorization","","","","ACRME","§25 Sharing; §5 CRG sharing; Runbook B; R-02","Explicit, read-back-verified CRG sharing across subscriptions with the 100-consumer ceiling handled by sharding, plus safe and forced unsharing.",""
"Story","ACRME-S0401","ACRME-E04","ACRME-E04","","Explicit CRG sharing workflow with full read-back","Highest","8","P1","ACRME P1","§25 Sharing sequence","As a sharing operator, I want a sharing sequence that validates, adds, grants, and reads back every step, so that a relationship is only 'active' after confirmed state.

Depends on: ACRME-S0202","- Sharing adds only explicitly named consumer subscriptions (never tenant-wide).
- Sharing profile and role state are read back and recorded before returning success.
- SharingRelationship entity persisted with active status."
"Sub-task","ACRME-T040101","ACRME-S0401","ACRME-E04","","Model SharingRelationship entity","Highest","","P1","ACRME P1","","",""
"Sub-task","ACRME-T040102","ACRME-S0401","ACRME-E04","","Implement validate->add->grant->readback sharing saga","Highest","","P1","ACRME P1","","",""
"Sub-task","ACRME-T040103","ACRME-S0401","ACRME-E04","","Persist confirmed relationship and expose via Query API","Highest","","P1","ACRME P1","","",""
"Story","ACRME-S0402","ACRME-E04","ACRME-E04","","100-consumer ceiling monitoring and CRG sharding","High","5","P1","ACRME P1","R-02; §5 CRG sharing","As a capacity architect, I want continuous relationship-count monitoring and a sharding path, so that the pool never silently breaches the 100-consumer platform limit.

Depends on: ACRME-S0401","- Relationship count monitored continuously, not only at create time (R-02).
- Approaching-limit alert fires before the ceiling is hit.
- Documented sharding procedure splits a pool without downtime."
"Sub-task","ACRME-T040201","ACRME-S0402","ACRME-E04","","Implement consumer-count monitor and threshold alert (R-02)","High","","P1","ACRME P1","","",""
"Sub-task","ACRME-T040202","ACRME-S0402","ACRME-E04","","Document and script CRG sharding procedure","High","","P1","ACRME P1","","",""
"Story","ACRME-S0403","ACRME-E04","ACRME-E04","","Safe and forced unsharing with restart-hazard protection","High","5","P1","ACRME P1","Runbook B; R-10","As a sharing operator, I want unsharing to default-deny when active associations exist, so that removing sharing never strands VM restarts.

Depends on: ACRME-S0401","- Forced unsharing rejects by default when active associations exist (Runbook B).
- Consumer owner approval captured before any forced action; impact record retained.
- ForcedUnsharingRequested alert fires on active associations."
"Sub-task","ACRME-T040301","ACRME-S0403","ACRME-E04","","Implement association enumeration + default-deny gate","High","","P1","ACRME P1","","",""
"Sub-task","ACRME-T040302","ACRME-S0403","ACRME-E04","","Implement approval capture, read-back, and impact record","High","","P1","ACRME P1","","",""
"Story","ACRME-S0404","ACRME-E04","ACRME-E04","","Sharing drift detection","High","3","P1","ACRME P1","§37 Alerts; R-03","As a SRE, I want detection when desired and actual sharing profiles differ, so that unauthorized or missing consumers are surfaced immediately.

Depends on: ACRME-S0401","- SharingDrift alert on desired/actual mismatch; UnauthorizedConsumer alert on unapproved subscription.
- Drift check runs on the adaptive reconciliation cadence."
"Sub-task","ACRME-T040401","ACRME-S0404","ACRME-E04","","Implement desired-vs-actual sharing comparator","High","","P1","ACRME P1","","",""
"Sub-task","ACRME-T040402","ACRME-S0404","ACRME-E04","","Wire SharingDrift and UnauthorizedConsumer alerts","High","","P1","ACRME P1","","",""
"Epic","ACRME-E05","","","Quota Group Management","Quota Group Management","","","","ACRME","§26; §5 Quota Groups; FC-11; R-05; R-06; R-43","Two-group-per-region quota model (Prod group; shared NonProd+DR group) with provider/consumer/group validation and Preview groupType handling.",""
"Story","ACRME-S0501","ACRME-E05","ACRME-E05","","Two-group-per-region quota model","Highest","8","P1","ACRME P1","§26","As a quota owner, I want a Prod quota group and a shared NonProd+DR quota group per region, so that budgets are governed separately without DR starving on NonProd demand.

Depends on: ACRME-S0104","- QuotaGroup entities model Prod and shared NonProd+DR groups per region.
- Group formulas and exact controls implemented per §26.
- Membership never treated as proof a specific subscription can deploy (R-06)."
"Sub-task","ACRME-T050101","ACRME-S0501","ACRME-E05","","Model QuotaGroup and SubscriptionQuotaRecord entities","Highest","","P1","ACRME P1","","",""
"Sub-task","ACRME-T050102","ACRME-S0501","ACRME-E05","","Implement two-group-per-region provisioning + formulas","Highest","","P1","ACRME P1","","",""
"Sub-task","ACRME-T050103","ACRME-S0501","ACRME-E05","","Enforce mandatory subscription-level checks (R-06)","Highest","","P1","ACRME P1","","",""
"Story","ACRME-S0502","ACRME-E05","ACRME-E05","","Provider, consumer, and group quota validation","Highest","5","P1","ACRME P1","§5; R-39","As a quota owner, I want independent validation of provider, consumer, and group quota, so that placement never assumes quota it does not have.

Depends on: ACRME-S0501","- Provider quota not double-counted; API semantics validated (R-39).
- Consumer and group quota validated independently before commit.
- QuotaStateUnknown alert on unavailable/stale reads."
"Sub-task","ACRME-T050201","ACRME-S0502","ACRME-E05","","Implement provider/consumer/group quota validators","Highest","","P1","ACRME P1","","",""
"Sub-task","ACRME-T050202","ACRME-S0502","ACRME-E05","","Validate quota API semantics to avoid double count (R-39)","Highest","","P1","ACRME P1","","",""
"Sub-task","ACRME-T050203","ACRME-S0502","ACRME-E05","","Wire QuotaStateUnknown alert","Highest","","P1","ACRME P1","","",""
"Story","ACRME-S0503","ACRME-E05","ACRME-E05","","Quota increase endpoint with propagation handling","High","5","P1","ACRME P1","§30; B-6; R-08","As a quota owner, I want a tracked quota-increase submission that polls for confirmed state, so that the engine never assumes a propagation SLA.

Depends on: ACRME-S0502","- Quota action submitted only when validated as required; polled to confirmed state (B-6).
- Observed propagation distribution recorded; timeout + manual path in runbook."
"Sub-task","ACRME-T050301","ACRME-S0503","ACRME-E05","","Implement quota-increase submission + async polling","High","","P1","ACRME P1","","",""
"Sub-task","ACRME-T050302","ACRME-S0503","ACRME-E05","","Record propagation distribution; add timeout/manual path (B-6)","High","","P1","ACRME P1","","",""
"Story","ACRME-S0504","ACRME-E05","ACRME-E05","","Quota Group groupType Preview status handling (FC-11 / R-43)","Medium","3","P1","ACRME P1","FC-11; R-43","As a quota owner, I want enforced-vs-advisory groupType treated as a Preview dependency, so that the engine never silently relies on preview-only enforcement semantics.

Depends on: ACRME-S0501","- groupType enforcement semantics gated behind a Preview feature flag (FC-11).
- POC-30 confirms required API version; governance acceptance recorded if needed (R-43)."
"Sub-task","ACRME-T050401","ACRME-S0504","ACRME-E05","","Flag-gate groupType enforcement reliance (FC-11)","Medium","","P1","ACRME P1","","",""
"Sub-task","ACRME-T050402","ACRME-S0504","ACRME-E05","","Confirm required API version via POC-30 and record acceptance","Medium","","P1","ACRME P1","","",""
"Epic","ACRME-E06","","","Cross-Subscription Zone Alignment","Cross-Subscription Zone Alignment","","","","ACRME","§5 FC-06; §42 POC 6a; R-11; R-41","Build and apply per-subscription physical-to-logical zone mapping so shared reservations land in the correct physical zone; reject on missing mapping.",""
"Story","ACRME-S0601","ACRME-E06","ACRME-E06","","Zone mapping table built and verified at onboarding","Highest","8","P1","ACRME P1","FC-06; R-41","As a placement owner, I want a physical-to-logical zone map per subscription and region built at onboarding, so that shared reservations align to the correct physical zone across accounts.

Depends on: ACRME-S0104","- availabilityZoneMappings read for provider and consumer subscriptions for all managed regions.
- ZoneMappingRecord persisted per subscription/region and read back (FC-06).
- Onboarding blocks if the map cannot be built and verified."
"Sub-task","ACRME-T060101","ACRME-S0601","ACRME-E06","","Model ZoneMappingRecord entity","Highest","","P1","ACRME P1","","",""
"Sub-task","ACRME-T060102","ACRME-S0601","ACRME-E06","","Implement Subscriptions-List-Locations zone-mapping fetch","Highest","","P1","ACRME P1","","",""
"Sub-task","ACRME-T060103","ACRME-S0601","ACRME-E06","","Persist + read-back mapping; block onboarding on failure","Highest","","P1","ACRME P1","","",""
"Story","ACRME-S0602","ACRME-E06","ACRME-E06","","Zone translation applied before every consumer deployment","Highest","5","P1","ACRME P1","R-41; POC 6a","As a placement engine, I want zone translation applied before every zonal deployment, rejecting on missing mapping, so that a logical/physical mismatch never causes a silent deployment failure.

Depends on: ACRME-S0601","- Translation resolves the correct consumer logical zone for a provider physical zone.
- Deployment rejected with ZoneMappingUnavailable when mapping is absent (R-41).
- Targeted refresh on churn keeps mapping current (R-11)."
"Sub-task","ACRME-T060201","ACRME-S0602","ACRME-E06","","Implement zone-translation algorithm (physical<->logical)","Highest","","P1","ACRME P1","","",""
"Sub-task","ACRME-T060202","ACRME-S0602","ACRME-E06","","Enforce ZoneMappingUnavailable rejection path (R-41)","Highest","","P1","ACRME P1","","",""
"Sub-task","ACRME-T060203","ACRME-S0602","ACRME-E06","","Add event-triggered targeted mapping refresh (R-11)","Highest","","P1","ACRME P1","","",""
"Epic","ACRME-E07","","","Region Selection & Placement Engine","Region Selection & Placement Engine","","","","ACRME","§27; §43 Region selection; HC-1..HC-10; VR-1..VR-11","Production-ready region selection: classification model, two-stage eligibility filter, Scenario 1/2 input modes, Middle East cross-geo extension, and the restricted-region exception workflow.",""
"Story","ACRME-S0701","ACRME-E07","ACRME-E07","","Region classification model (Standard / Restricted / Cross-Geo Extension)","Highest","8","P1","ACRME P1","§27 Classification","As a placement owner, I want every managed region classified and Restricted regions pre-filtered before scoring, so that constrained regions never enter automated placement.

Depends on: ACRME-S0103","- Standard, Restricted, and Cross-Geo Extension classes encoded in PlacementPolicy.
- Restricted regions excluded as a pre-filter ahead of all hard constraints (HC-9).
- Unknown region rejected (VR-1); Restricted excluded from scoring (VR-2)."
"Sub-task","ACRME-T070101","ACRME-S0701","ACRME-E07","","Model region classification in PolicyVersion/PlacementPolicy","Highest","","P1","ACRME P1","","",""
"Sub-task","ACRME-T070102","ACRME-S0701","ACRME-E07","","Implement Stage 1 classification pre-filter (HC-9)","Highest","","P1","ACRME P1","","",""
"Sub-task","ACRME-T070103","ACRME-S0701","ACRME-E07","","Implement VR-1/VR-2 validation rules","Highest","","P1","ACRME P1","","",""
"Story","ACRME-S0702","ACRME-E07","ACRME-E07","","Two-stage eligibility decision tree (HC-1..HC-10)","Highest","8","P1","ACRME P1","§27 Decision tree; §27 HC-1..HC-10","As a placement engine, I want surviving candidates evaluated against hard constraints HC-1..HC-10 before scoring, so that only fully eligible Standard regions reach the scorer.

Depends on: ACRME-S0701","- Stage 2 applies HC-1..HC-10 (capacity, quota, zone, separation, freshness, geo, DR floor, NonProd/DR integrity, ME cross-geo, extension-path approval).
- Regions failing any HC are excluded from scoring with a recorded reason.
- HC-9 STANDARD_REGION_ONLY and HC-10 CROSS_GEO_EXTENSION_PATH_APPROVED enforced."
"Sub-task","ACRME-T070201","ACRME-S0702","ACRME-E07","","Implement HC-1..HC-8 constraint checks","Highest","","P1","ACRME P1","","",""
"Sub-task","ACRME-T070202","ACRME-S0702","ACRME-E07","","Implement HC-9 and HC-10 constraint checks","Highest","","P1","ACRME P1","","",""
"Sub-task","ACRME-T070203","ACRME-S0702","ACRME-E07","","Record per-region exclusion reasons for audit","Highest","","P1","ACRME P1","","",""
"Story","ACRME-S0703","ACRME-E07","ACRME-E07","","Scenario 1 — geography-based Prod region derivation","Highest","8","P1","ACRME P1","§27 Prod input modes; §28 PS_Prod; VR-4","As a customer, I want to supply an Azure geography and have the engine derive the Prod anchor, so that I get the best Standard region in my geography without naming one.

Depends on: ACRME-S0702, ACRME-S0801","- Candidate set = Standard regions in geography minus HC exclusions.
- argmax(PS_Prod); deterministic tie-break by Standard-region list order; cold-start default = first listed.
- Geography-scoped exhaustion error if none eligible (VR-4); never falls outside geography.
- Derived region + all candidate scores + policy version persisted for replay."
"Sub-task","ACRME-T070301","ACRME-S0703","ACRME-E07","","Implement geography candidate-set builder","Highest","","P1","ACRME P1","","",""
"Sub-task","ACRME-T070302","ACRME-S0703","ACRME-E07","","Implement argmax(PS_Prod) selection + deterministic tie-break","Highest","","P1","ACRME P1","","",""
"Sub-task","ACRME-T070303","ACRME-S0703","ACRME-E07","","Implement geography-scoped exhaustion error (VR-4)","Highest","","P1","ACRME P1","","",""
"Sub-task","ACRME-T070304","ACRME-S0703","ACRME-E07","","Persist derivation trace to OperationRecord","Highest","","P1","ACRME P1","","",""
"Story","ACRME-S0704","ACRME-E07","ACRME-E07","","Scenario 2 — specific region input validation","Highest","5","P1","ACRME P1","§27 Prod input modes","As a customer, I want to name a specific region and have it validated or routed to exception, so that a Standard region is used directly and a Restricted region needs approval.

Depends on: ACRME-S0702","- Standard region validated against HC-1..HC-10 then set as Prod anchor; PS_Prod used for post-validation only.
- Restricted region routed to the Exception Deployment Workflow.
- Both modes converge on a fixed, validated Prod anchor."
"Sub-task","ACRME-T070401","ACRME-S0704","ACRME-E07","","Implement Standard-region direct validation path","Highest","","P1","ACRME P1","","",""
"Sub-task","ACRME-T070402","ACRME-S0704","ACRME-E07","","Route Restricted region input to exception workflow","Highest","","P1","ACRME P1","","",""
"Story","ACRME-S0705","ACRME-E07","ACRME-E07","","Sequential CVAL then DR selection from Prod anchor","Highest","5","P1","ACRME P1","§27; §28 PS_NonProd/PS_DR","As a placement engine, I want CVAL and DR selected sequentially from the fixed Prod anchor, so that the three-environment layout respects separation and scoring.

Depends on: ACRME-S0703, ACRME-S0704","- CVAL selected via PS_NonProd (=PS_CVAL); DR via PS_DR from Standard regions.
- Separation constraints honored across the three environments.
- All three environment scores persisted together for replay."
"Sub-task","ACRME-T070501","ACRME-S0705","ACRME-E07","","Implement sequential CVAL selection (PS_NonProd)","Highest","","P1","ACRME P1","","",""
"Sub-task","ACRME-T070502","ACRME-S0705","ACRME-E07","","Implement sequential DR selection (PS_DR)","Highest","","P1","ACRME P1","","",""
"Story","ACRME-S0706","ACRME-E07","ACRME-E07","","Middle East cross-geo extension (Saudi Arabia/UAE North → Belgium Central)","High","5","P1","ACRME P1","§27 Middle East; HC-10; R-12","As a placement owner, I want Middle East DR to use the approved Belgium Central extension path, so that the three-region minimum is met where only two in-geo regions exist.

Depends on: ACRME-S0705","- Prod = argmax(PS_Prod) over Saudi Arabia/UAE North; CVAL = the other in-geo region.
- DR = Belgium Central via the only approved extension path; validated against HC-1..HC-10 incl. DR floor.
- If Belgium Central fails, placement is blocked with an ops alert (no silent substitution)."
"Sub-task","ACRME-T070601","ACRME-S0706","ACRME-E07","","Implement Middle East Prod/CVAL in-geo assignment","High","","P1","ACRME P1","","",""
"Sub-task","ACRME-T070602","ACRME-S0706","ACRME-E07","","Implement Belgium Central cross-geo DR with HC validation","High","","P1","ACRME P1","","",""
"Sub-task","ACRME-T070603","ACRME-S0706","ACRME-E07","","Block + alert on degraded extension path (no substitution)","High","","P1","ACRME P1","","",""
"Story","ACRME-S0707","ACRME-E07","ACRME-E07","","Exception-based placement workflow for Restricted regions (EC-1..EC-4)","High","5","P1","ACRME P1","§27 Exception workflow; VR-3","As a governance owner, I want restricted-region use gated behind four exception conditions, so that no Restricted region enters production without explicit approval.

Depends on: ACRME-S0704","- EC-1 explicit request, EC-2 Production-only, EC-3 approval record, EC-4 Scenario-2 input all required (VR-3).
- On pass: assign Exception Prod Anchor, mark Exception Deployment, emit capacity-constraint warning.
- CVAL/DR still chosen from Standard regions; exception approval ID mandatory in OperationRecord."
"Sub-task","ACRME-T070701","ACRME-S0707","ACRME-E07","","Implement EC-1..EC-4 gate (VR-3)","High","","P1","ACRME P1","","",""
"Sub-task","ACRME-T070702","ACRME-S0707","ACRME-E07","","Implement Exception Deployment marking + warning","High","","P1","ACRME P1","","",""
"Sub-task","ACRME-T070703","ACRME-S0707","ACRME-E07","","Require exception approval ID in OperationRecord commit","High","","P1","ACRME P1","","",""
"Story","ACRME-S0708","ACRME-E07","ACRME-E07","","Validation Rule Framework (VR-1..VR-11) and governance controls","Medium","5","P1","ACRME P1","§27 VR framework; §27 Governance","As a governance owner, I want the full validation-rule framework and PlacementPolicy governance enforced, so that region-selection changes require approval and are auditable.

Depends on: ACRME-S0701","- VR-1..VR-11 implemented with the specified failure actions.
- Classification/extension changes require PlacementPolicy update + governance approval + Decision Log entry.
- Policy version referenced on every placement decision."
"Sub-task","ACRME-T070801","ACRME-S0708","ACRME-E07","","Implement remaining VR-5..VR-11 rules","Medium","","P1","ACRME P1","","",""
"Sub-task","ACRME-T070802","ACRME-S0708","ACRME-E07","","Enforce PlacementPolicy change governance + Decision Log","Medium","","P1","ACRME P1","","",""
"Epic","ACRME-E08","","","Placement Scoring & Forecasting","Placement Scoring & Forecasting","","","","ACRME","§28; §4 Scoring; R-36; R-37; R-29","Implement the corrected, clamped scoring formulas (PS_Prod/PS_NonProd/PS_DR) with demand-weighted distribution, versioned weights, and advisory forecasting.",""
"Story","ACRME-S0801","ACRME-E08","ACRME-E08","","Corrected, clamped scoring formulas with versioned weights","Highest","8","P1","ACRME P1","§28 Corrected scoring","As a placement owner, I want PS_Prod/PS_NonProd/PS_DR with clamped components and versioned weights, so that scores are bounded [0,1], replayable, and auditable.

Depends on: ACRME-S0103","- Each component clamped via Clamp(x)=max(0,min(1,x)); score in [0,1].
- Default weights (α0.30,β0.20,γ0.25,δ0.15,ε0.10) retained for pilot comparison; PS_NonProd uses revised weights.
- Weights carry a PolicyVersion; inputs + version persisted per decision."
"Sub-task","ACRME-T080101","ACRME-S0801","ACRME-E08","","Implement PS_Prod/PS_NonProd/PS_DR with clamping","Highest","","P1","ACRME P1","","",""
"Sub-task","ACRME-T080102","ACRME-S0801","ACRME-E08","","Externalise weights into versioned PolicyVersion","Highest","","P1","ACRME P1","","",""
"Sub-task","ACRME-T080103","ACRME-S0801","ACRME-E08","","Persist score inputs + policy version to OperationRecord","Highest","","P1","ACRME P1","","",""
"Story","ACRME-S0802","ACRME-E08","ACRME-E08","","Demand-weighted distribution and SKU-dimensional model","High","5","P1","ACRME P1","§28 Distribution; R-36; R-37","As a placement owner, I want distribution computed from demand units and scoring per SKU/zone, so that fairness reflects real demand, not customer count.

Depends on: ACRME-S0801","- Distribution = 1 - Region_Assigned_Demand / Total_Assigned_Demand (R-37).
- Scoring is SKU-dimensional to avoid simple-formula invalidation (R-36)."
"Sub-task","ACRME-T080201","ACRME-S0802","ACRME-E08","","Implement demand-weighted distribution signal (R-37)","High","","P1","ACRME P1","","",""
"Sub-task","ACRME-T080202","ACRME-S0802","ACRME-E08","","Make scoring SKU/zone-dimensional (R-36)","High","","P1","ACRME P1","","",""
"Story","ACRME-S0803","ACRME-E08","ACRME-E08","","Advisory forecasting with measured accuracy","Medium","5","P2","ACRME P2","§28 Forecast; R-29; ForecastError alert","As a capacity planner, I want forecast quantity recommendations that stay advisory until accuracy is measured, so that forecasts never drive unsafe automatic reduction.

Depends on: ACRME-S0801","- Forecast_Quantity = ceil(Forecast_Peak×(1+Growth_Buffer)+DR_Buffer) with 30/60/90-day horizons.
- Recommendations advisory-only; reduction never automatic (R-29).
- ForecastError alert when error exceeds policy; accuracy/false-positive tracked."
"Sub-task","ACRME-T080301","ACRME-S0803","ACRME-E08","","Implement ForecastRecord entity + forecast formula","Medium","","P2","ACRME P2","","",""
"Sub-task","ACRME-T080302","ACRME-S0803","ACRME-E08","","Keep forecast advisory; wire ForecastError alert (R-29)","Medium","","P2","ACRME P2","","",""
"Story","ACRME-S0804","ACRME-E08","ACRME-E08","","Shadow joint-optimization comparison","Medium","5","P2","ACRME P2","§4 Sequential placement; §22 Should","As a placement owner, I want the sequential method compared against a shadow joint-optimization method, so that divergence evidence is gathered before trusting either for auto-commit.

Depends on: ACRME-S0801","- Both methods run without mutating live resources; divergences measured and logged.
- Comparison report available for governance review."
"Sub-task","ACRME-T080401","ACRME-S0804","ACRME-E08","","Implement shadow joint-optimization evaluator","Medium","","P2","ACRME P2","","",""
"Sub-task","ACRME-T080402","ACRME-S0804","ACRME-E08","","Log divergences + produce comparison report","Medium","","P2","ACRME P2","","",""
"Epic","ACRME-E09","","","State Model & Concurrency Controls","State Model & Concurrency Controls","","","","ACRME","§29; G-15; B-3; B-7; R-35","Implement the engine state machine (EngineModeState) with conditional transitions and dual approval, and atomic capacity holds to prevent over-assignment. Production blocker G-15 / B-7.",""
"Story","ACRME-S0901","ACRME-E09","ACRME-E09","","Engine state machine with conditional transitions and dual approval (G-15)","Highest","13","P1","ACRME P1","§29 State machine; G-15; R-35","As a SRE, I want EngineModeState with guarded transitions, dual approval, and incident hold, so that normal and crisis operations can never illegally mix.

Depends on: ACRME-S0103","- States STEADY_STATE, DR_DECLARATION_PENDING, DR_EVENT_ACTIVE, FAILBACK_PENDING, INCIDENT_HOLD implemented.
- Transitions use conditional writes + state version; dual approval required to leave STEADY_STATE.
- Fault-injection test shows no illegal transition (closes G-15/R-35); EngineModeConflict alert wired.
- EngineModeState carries scope, mode, version, incident ID, approvers, lease owner/expiry, recovery checkpoint."
"Sub-task","ACRME-T090101","ACRME-S0901","ACRME-E09","","Model EngineModeState entity with all required fields","Highest","","P1","ACRME P1","","",""
"Sub-task","ACRME-T090102","ACRME-S0901","ACRME-E09","","Implement transition guards + conditional writes","Highest","","P1","ACRME P1","","",""
"Sub-task","ACRME-T090103","ACRME-S0901","ACRME-E09","","Implement dual-approval and incident-hold transitions","Highest","","P1","ACRME P1","","",""
"Sub-task","ACRME-T090104","ACRME-S0901","ACRME-E09","","Write fault-injection tests proving no illegal transition","Highest","","P1","ACRME P1","","",""
"Sub-task","ACRME-T090105","ACRME-S0901","ACRME-E09","","Wire EngineModeConflict alert","Highest","","P1","ACRME P1","","",""
"Story","ACRME-S0902","ACRME-E09","ACRME-E09","","Atomic capacity holds with optimistic concurrency (B-7 / G-20)","Highest","8","P1","ACRME P1","§29 Capacity holds; B-7; R-23; G-20","As a placement engine, I want an atomic hold keyed by region/SKU/zone/env/policy before returning an assignment, so that concurrent placements cannot double-assign the same capacity.

Depends on: ACRME-S0103","- PlacementHold created before commit; expires if Azure provisioning does not begin.
- Parallel placement test produces exactly one winner (closes B-7/R-23).
- CustomerRegionAssignment linked to hold IDs (closes G-20); PlacementHoldConflict alert wired."
"Sub-task","ACRME-T090201","ACRME-S0902","ACRME-E09","","Model PlacementHold + CustomerRegionAssignment entities (G-20)","Highest","","P1","ACRME P1","","",""
"Sub-task","ACRME-T090202","ACRME-S0902","ACRME-E09","","Implement optimistic-concurrency hold create/expire","Highest","","P1","ACRME P1","","",""
"Sub-task","ACRME-T090203","ACRME-S0902","ACRME-E09","","Write parallel-placement single-winner test (B-7)","Highest","","P1","ACRME P1","","",""
"Sub-task","ACRME-T090204","ACRME-S0902","ACRME-E09","","Wire PlacementHoldConflict alert","Highest","","P1","ACRME P1","","",""
"Epic","ACRME-E10","","","DR Activation & Failback","DR Activation & Failback","","","","ACRME","§31; Runbook E; §5 DR floor; R-07; R-27; R-38","Implement guarded DR declaration, per-workload failover orchestration, engine-enforced DR floor with independent detector, and wave-based failback.",""
"Story","ACRME-S1001","ACRME-E10","ACRME-E10","","DR declaration and failover orchestration","High","8","P2","ACRME P2","§31; IncidentRecord G-21","As a DR operator, I want a guarded DR declaration that validates state then orchestrates approved failover, so that failover only runs in a validated DR_EVENT_ACTIVE mode.

Depends on: ACRME-S0901","- Declaration validates approvals + state version before entering DR_EVENT_ACTIVE.
- Quota, CR, and sharing re-validated from authoritative sources at declaration.
- Per-workload failover status tracked; IncidentRecord persisted (closes G-21).
- Declaration alone does not authorize Tier 2/Tier 3."
"Sub-task","ACRME-T100101","ACRME-S1001","ACRME-E10","","Model IncidentRecord + DRCapacityPair entities (G-21)","High","","P2","ACRME P2","","",""
"Sub-task","ACRME-T100102","ACRME-S1001","ACRME-E10","","Implement DR declaration validation + mode entry","High","","P2","ACRME P2","","",""
"Sub-task","ACRME-T100103","ACRME-S1001","ACRME-E10","","Implement per-workload failover orchestration","High","","P2","ACRME P2","","",""
"Story","ACRME-S1002","ACRME-E10","ACRME-E10","","Engine-enforced DR floor with independent detector","Highest","8","P1","ACRME P1","§5 DR floor; R-07; R-38; DRFloorViolation alert","As a SRE, I want an engine-enforced DR floor plus an independent recalculating detector, so that NonProd expansion fails closed when the floor is at risk.

Depends on: ACRME-S0901","- Independent detector recomputes the floor from assignments/allocations (R-38).
- Automatic NonProd expansion blocked on detector disagreement (fail-closed, R-07).
- DRFloorViolation alert fires when NonProd use exceeds the effective ceiling."
"Sub-task","ACRME-T100201","ACRME-S1002","ACRME-E10","","Implement primary DR-floor calculation from potential demand","Highest","","P1","ACRME P1","","",""
"Sub-task","ACRME-T100202","ACRME-S1002","ACRME-E10","","Implement independent detector + fail-closed block (R-07)","Highest","","P1","ACRME P1","","",""
"Sub-task","ACRME-T100203","ACRME-S1002","ACRME-E10","","Recompute floor from assignments to avoid staleness (R-38)","Highest","","P1","ACRME P1","","",""
"Sub-task","ACRME-T100204","ACRME-S1002","ACRME-E10","","Wire DRFloorViolation alert","Highest","","P1","ACRME P1","","",""
"Story","ACRME-S1003","ACRME-E10","ACRME-E10","","Wave-based failback with readiness gate","High","8","P2","ACRME P2","Runbook E; R-27","As a DR operator, I want failback gated on primary readiness and executed in waves, so that failback never starts before the primary is truly ready.

Depends on: ACRME-S1001","- Readiness gate validates app/data/network/DNS/identity/capacity before failback (R-27).
- Restore in waves with health checks; DR traffic drained only after validation.
- DR floor + reservation policy recalculated; return to STEADY_STATE only after all ops close."
"Sub-task","ACRME-T100301","ACRME-S1003","ACRME-E10","","Implement failback readiness gate + approval (R-27)","High","","P2","ACRME P2","","",""
"Sub-task","ACRME-T100302","ACRME-S1003","ACRME-E10","","Implement wave-based restore + health validation","High","","P2","ACRME P2","","",""
"Sub-task","ACRME-T100303","ACRME-S1003","ACRME-E10","","Implement conservative DR deallocation + floor recalculation","High","","P2","ACRME P2","","",""
"Epic","ACRME-E11","","","Tier Escalation (Emergency Capacity)","Tier Escalation (Emergency Capacity)","","","","ACRME","§32; Runbook C; Runbook D; R-16; R-17; R-18","Implement the tiered emergency-capacity ladder: Tier 1 additive expansion (gated), Tier 2 quota-neutral transfer (disabled until proven), Tier 3 blocked in Phase 1.",""
"Story","ACRME-S1101","ACRME-E11","ACRME-E11","","Tier 1 additive emergency expansion (incident-gated)","High","8","P2","ACRME P2","§32; Runbook C; R-16","As a DR operator, I want Tier 1 expansion allowed only in DR_EVENT_ACTIVE with fresh checks, so that pre-staged headroom is used safely and never outside an incident.

Depends on: ACRME-S0901, ACRME-S0302","- Tier 1 rejected unless DR_EVENT_ACTIVE (engine-mode guard, R-16).
- Fresh quota/capacity/sharing confirmed; delta bounded by policy maximum.
- CR increase submitted with idempotency key, polled, and read back before VM deployment."
"Sub-task","ACRME-T110101","ACRME-S1101","ACRME-E11","","Implement Tier 1 engine-mode guard (R-16)","High","","P2","ACRME P2","","",""
"Sub-task","ACRME-T110102","ACRME-S1101","ACRME-E11","","Implement bounded additive expansion + read-back (Runbook C)","High","","P2","ACRME P2","","",""
"Story","ACRME-S1102","ACRME-E11","ACRME-E11","","Tier 2 quota-neutral transfer (disabled until proven)","Medium","8","P2","ACRME P2","§32; Runbook D; B-2; R-17","As a DR operator, I want Tier 2 reallocation behind a proven+approved flag with impact preview, so that NonProd guarantees are never removed unexpectedly.

Depends on: ACRME-S1101, ACRME-S0503","- Tier 2 disabled until release-and-reuse behavior is measured (B-2) and enabled by flag.
- Requires incident mode + approval + customer-impact preview (R-17).
- DR expanded only after authoritative quota headroom is visible; timeout escalates manually.
- EmergencyCapacityTransfer entity persisted (G-23) with NonProd assurance impact + restoration plan."
"Sub-task","ACRME-T110201","ACRME-S1102","ACRME-E11","","Model EmergencyCapacityTransfer entity (G-23)","Medium","","P2","ACRME P2","","",""
"Sub-task","ACRME-T110202","ACRME-S1102","ACRME-E11","","Implement Tier 2 flag + release-and-reuse gate (B-2)","Medium","","P2","ACRME P2","","",""
"Sub-task","ACRME-T110203","ACRME-S1102","ACRME-E11","","Implement impact preview + approval + manual timeout (Runbook D)","Medium","","P2","ACRME P2","","",""
"Story","ACRME-S1103","ACRME-E11","ACRME-E11","","Tier 3 disassociation blocked in Phase 1","Highest","3","P1","ACRME P1","§32; R-18; Tier3AttemptBlocked alert","As a security owner, I want Tier 3 calls rejected while disabled, so that no VM association change happens before the credential model is closed.

Depends on: ACRME-S0901","- Tier 3 request rejected while disabled; Tier3AttemptBlocked alert fires (R-18).
- Feature is disabled-by-default and requires separate board authorization to enable."
"Sub-task","ACRME-T110301","ACRME-S1103","ACRME-E11","","Implement Tier 3 disabled-by-default rejection","Highest","","P1","ACRME P1","","",""
"Sub-task","ACRME-T110302","ACRME-S1103","ACRME-E11","","Wire Tier3AttemptBlocked alert (R-18)","Highest","","P1","ACRME P1","","",""
"Epic","ACRME-E12","","","AKS & VMSS Integration","AKS & VMSS Integration","","","","ACRME","§33; §6 AKS/VMSS; FC-08; R-20; R-21; R-22; R-42","Validate AKS node-pool/autoscaler integration with CRGs and enforce VMSS controls, including rejecting VMSS in emergency transfers (Preview limit).",""
"Story","ACRME-S1201","ACRME-E12","ACRME-E12","","AKS node-pool and autoscaler validation","Medium","8","P2","ACRME P2","§33 AKS; R-21; R-22","As a AKS owner, I want new node pools validated against zone/SKU/sharing/quota and bounded autoscaler, so that AKS never repeatedly requests unavailable nodes or exceeds reservation.

Depends on: ACRME-S0502, ACRME-S0602","- New node pool references a CRG only after zone/SKU/sharing/provider+consumer quota checks.
- Autoscaler max bounded by validated reservation + policy over-allocation; retries bounded (R-21).
- Existing node-pool change requires a replacement-impact plan (R-22); node identity separate from ACRME identity."
"Sub-task","ACRME-T120101","ACRME-S1201","ACRME-E12","","Implement AKS node-pool pre-validation checks","Medium","","P2","ACRME P2","","",""
"Sub-task","ACRME-T120102","ACRME-S1201","ACRME-E12","","Enforce bounded autoscaler max + bounded retries (R-21)","Medium","","P2","ACRME P2","","",""
"Sub-task","ACRME-T120103","ACRME-S1201","ACRME-E12","","Require replacement-impact plan for pool updates (R-22)","Medium","","P2","ACRME P2","","",""
"Story","ACRME-S1202","ACRME-E12","ACRME-E12","","VMSS controls and emergency-transfer rejection (FC-08)","High","5","P1","ACRME P1","§33 VMSS; FC-08; R-20; R-42; VMSSEmergencyAttempt alert","As a compute owner, I want VMSS operations gated and VMSS excluded from emergency transfers, so that a Preview reprovisioning limitation cannot cause a failed DR.

Depends on: ACRME-S1103","- VMSS included in an emergency transfer is rejected; VMSSEmergencyAttempt alert fires (R-20).
- VMSS reprovisioning via shared CRG during a zone outage documented as Preview-limited (FC-08/R-42).
- Uniform/Flexible create-with-CRG allowed only after mode-specific POC proof."
"Sub-task","ACRME-T120201","ACRME-S1202","ACRME-E12","","Implement VMSS emergency-transfer rejection + alert (R-20)","High","","P1","ACRME P1","","",""
"Sub-task","ACRME-T120202","ACRME-S1202","ACRME-E12","","Encode VMSS Uniform/Flexible control matrix (Phase 1 gating)","High","","P1","ACRME P1","","",""
"Epic","ACRME-E13","","","Data Architecture & Entity Model","Data Architecture & Entity Model","","","","ACRME","§34; G-20; G-21; G-23; G-24","Establish the canonical authoritative entity model and close data-model gaps (G-20, G-21, G-23, G-24) with schema, audit, and policy versioning.",""
"Story","ACRME-S1301","ACRME-E13","ACRME-E13","","Canonical authoritative entity schema and policy versioning","High","8","P1","ACRME P1","§34 Authoritative entities","As a data owner, I want all authoritative entities modeled with a shared schema and PolicyVersion, so that engine intent is consistent, versioned, and replayable.

Depends on: ACRME-S0103","- All §34 entities have a canonical schema with IDs, timestamps, and version fields.
- PolicyVersion referenced by placement, scoring, and quota decisions.
- Schema migrations are versioned and reversible."
"Sub-task","ACRME-T130101","ACRME-S1301","ACRME-E13","","Author canonical schema for all authoritative entities","High","","P1","ACRME P1","","",""
"Sub-task","ACRME-T130102","ACRME-S1301","ACRME-E13","","Implement PolicyVersion entity + references","High","","P1","ACRME P1","","",""
"Sub-task","ACRME-T130103","ACRME-S1301","ACRME-E13","","Set up versioned, reversible migrations","High","","P1","ACRME P1","","",""
"Story","ACRME-S1302","ACRME-E13","ACRME-E13","","Append-only audit model with completeness guarantee","High","5","P1","ACRME P1","§34; R-31; §37 Audit completeness SLI","As a compliance owner, I want every accepted mutation to produce an append-only audit record, so that incidents and decisions can always be reconstructed.

Depends on: ACRME-S1301","- Append-only audit for 100% of accepted mutations (audit completeness SLI, R-31).
- OperationRecord captures before/after state, policy version, and evidence classification.
- Audit is immutable and independently queryable."
"Sub-task","ACRME-T130201","ACRME-S1302","ACRME-E13","","Implement append-only OperationRecord/audit store","High","","P1","ACRME P1","","",""
"Sub-task","ACRME-T130202","ACRME-S1302","ACRME-E13","","Instrument all mutations to emit audit records (R-31)","High","","P1","ACRME P1","","",""
"Epic","ACRME-E14","","","API Architecture","API Architecture","","","","ACRME","§35; G-23; R-34","Deliver the canonical async API: operation-resource responses, mandatory mutation metadata, dry-run for high-impact ops, and disabled-by-default emergency endpoints.",""
"Story","ACRME-S1401","ACRME-E14","ACRME-E14","","Core async endpoints returning operation resources","Highest","8","P1","ACRME P1","§35 Core endpoints","As a API consumer, I want state-changing endpoints to return an operation resource, not synchronous completion, so that callers poll for true Azure state instead of assuming completion.

Depends on: ACRME-S0101","- All §35 core endpoints implemented; mutations return an operation + polling URL.
- /placement/select-regions accepts either a specific region (Scenario 2) or a geography (Scenario 1).
- /operations/{id} returns current operation state."
"Sub-task","ACRME-T140101","ACRME-S1401","ACRME-E14","","Implement core resource endpoints (subscriptions/crgs/quota/...)","Highest","","P1","ACRME P1","","",""
"Sub-task","ACRME-T140102","ACRME-S1401","ACRME-E14","","Implement /placement/select-regions dual-input contract","Highest","","P1","ACRME P1","","",""
"Sub-task","ACRME-T140103","ACRME-S1401","ACRME-E14","","Implement /operations/{id} polling resource","Highest","","P1","ACRME P1","","",""
"Story","ACRME-S1402","ACRME-E14","ACRME-E14","","Mandatory mutation metadata and dry-run","High","5","P1","ACRME P1","§35 Every mutation","As a API consumer, I want every mutation to require idempotency key, expected version, policy version, and support dry-run, so that high-impact operations are safe, idempotent, and previewable.

Depends on: ACRME-S1401","- Mutations require idempotency key, caller identity, expected state version, policy version, incident ID where applicable.
- Dry-run supported for high-impact operations; structured precondition failures returned."
"Sub-task","ACRME-T140201","ACRME-S1402","ACRME-E14","","Enforce mandatory mutation metadata middleware","High","","P1","ACRME P1","","",""
"Sub-task","ACRME-T140202","ACRME-S1402","ACRME-E14","","Implement dry-run + structured precondition failures","High","","P1","ACRME P1","","",""
"Story","ACRME-S1403","ACRME-E14","ACRME-E14","","Emergency endpoints disabled-by-default with contract tests (G-23)","Medium","3","P1","ACRME P1","§35; G-23; G-24","As a governance owner, I want emergency-transfer/increase endpoints in the canonical API but disabled by default, so that they exist in the contract and audit model before being enabled.

Depends on: ACRME-S1401","- /capacity/emergency-transfer and /capacity/increase-requests in the canonical API + authorization matrix.
- Emergency endpoint disabled-by-default via feature flag; contract test present (G-23)."
"Sub-task","ACRME-T140301","ACRME-S1403","ACRME-E14","","Add emergency + increase endpoints to contract + authz matrix","Medium","","P1","ACRME P1","","",""
"Sub-task","ACRME-T140302","ACRME-S1403","ACRME-E14","","Flag-gate emergency endpoint + add contract test (G-23)","Medium","","P1","ACRME P1","","",""
"Epic","ACRME-E15","","","Security, RBAC & Managed Identity","Security, RBAC & Managed Identity","","","","ACRME","§36; §11; G-14; R-19; R-32","Implement split UAMIs and application roles with least privilege, and close G-14 (customer-consented, RG-scoped Tier 3 credential model) or keep Tier 3 blocked.",""
"Story","ACRME-S1501","ACRME-E15","ACRME-E15","","Split UAMIs and application roles (least privilege)","Highest","8","P1","ACRME P1","§36 RBAC matrix; R-19","As a security owner, I want the RBAC matrix realized as narrow custom roles and separated identities, so that privilege is never concentrated and duties are separated.

Depends on: ACRME-S0105","- Reader/Capacity/Sharing/Consumer-Compute/Quota UAMIs + DR/Emergency/Policy-Admin/Auditor roles created per matrix.
- Each role scoped narrowly; prohibited actions verified blocked in a least-privilege test (R-19).
- Role-assignment authority isolated from capacity/VM mutation."
"Sub-task","ACRME-T150101","ACRME-S1501","ACRME-E15","","Deploy custom role definitions per RBAC matrix","Highest","","P1","ACRME P1","","",""
"Sub-task","ACRME-T150102","ACRME-S1501","ACRME-E15","","Assign UAMIs at narrowest scope + application roles","Highest","","P1","ACRME P1","","",""
"Sub-task","ACRME-T150103","ACRME-S1501","ACRME-E15","","Write least-privilege prohibited-action tests (R-19)","Highest","","P1","ACRME P1","","",""
"Story","ACRME-S1502","ACRME-E15","ACRME-E15","","G-14 credential model for Tier 3 (customer-consented, RG-scoped)","Highest","8","P2","ACRME P2","§36 MI scope; G-14","As a security owner, I want a customer-consented UAMI with RG-scoped custom rights for exact VM association ops, so that Tier 3 can eventually be enabled without subscription-wide VM Contributor.

Depends on: ACRME-S1501","- Minimum custom action set for VM association defined + RG-scoped; no subscription-wide VM Contributor.
- Customer consent + revocation path implemented and tested in a consumer subscription (closes G-14).
- If the minimum action set cannot be established, Tier 3 stays blocked."
"Sub-task","ACRME-T150201","ACRME-S1502","ACRME-E15","","Define minimum custom VM-association action set (G-14)","Highest","","P2","ACRME P2","","",""
"Sub-task","ACRME-T150202","ACRME-S1502","ACRME-E15","","Implement customer consent + revocation flow","Highest","","P2","ACRME P2","","",""
"Sub-task","ACRME-T150203","ACRME-S1502","ACRME-E15","","Test least-privilege + revocation in consumer subscription","Highest","","P2","ACRME P2","","",""
"Story","ACRME-S1503","ACRME-E15","ACRME-E15","","Break-glass control with time-bound access and post-review","Medium","3","P1","ACRME P1","§11; R-32","As a security owner, I want break-glass access to be time-bound, alerted, and post-reviewed, so that emergency bypass cannot be silently abused.

Depends on: ACRME-S1501","- Break-glass role is time-bound and auto-expires; activation raises an alert (R-32).
- Mandatory post-use review recorded in audit."
"Sub-task","ACRME-T150301","ACRME-S1503","ACRME-E15","","Implement time-bound break-glass role + auto-expiry","Medium","","P1","ACRME P1","","",""
"Sub-task","ACRME-T150302","ACRME-S1503","ACRME-E15","","Wire activation alert + post-review record (R-32)","Medium","","P1","ACRME P1","","",""
"Epic","ACRME-E16","","","Observability, Dashboards & Alerts","Observability, Dashboards & Alerts","","","","ACRME","§37","Deliver SLI/SLO instrumentation, operational dashboards, and the full critical alert catalog so operators can see floor integrity, drift, and blocks.",""
"Story","ACRME-S1601","ACRME-E16","ACRME-E16","","SLI/SLO instrumentation","High","5","P1","ACRME P1","§37 SLI/SLO","As a SRE, I want the proposed SLIs measured against SLO targets, so that engine health is observable and reportable.

Depends on: ACRME-S0101","- Query success, mutation availability, placement latency, reconciliation age, and audit completeness measured.
- SLO targets configured with breach reporting; labeled internal (not Microsoft guarantees)."
"Sub-task","ACRME-T160101","ACRME-S1601","ACRME-E16","","Instrument SLI metrics + emit to monitoring","High","","P1","ACRME P1","","",""
"Sub-task","ACRME-T160102","ACRME-S1601","ACRME-E16","","Configure SLO targets + breach reporting","High","","P1","ACRME P1","","",""
"Story","ACRME-S1602","ACRME-E16","ACRME-E16","","Operational dashboards","High","5","P1","ACRME P1","§37 Dashboards","As a operator, I want dashboards for capacity, quota, DR floor, sharing, placement, engine mode, and failures, so that state is visible at a glance during steady state and incidents.

Depends on: ACRME-S1601","- Dashboards cover capacity, quota headroom, DR floor integrity, sharing, placement decisions, engine mode, failed ops.
- Dashboards render from live snapshots + engine state."
"Sub-task","ACRME-T160201","ACRME-S1602","ACRME-E16","","Build capacity/quota/DR-floor dashboards","High","","P1","ACRME P1","","",""
"Sub-task","ACRME-T160202","ACRME-S1602","ACRME-E16","","Build sharing/placement/engine-mode/failed-ops dashboards","High","","P1","ACRME P1","","",""
"Story","ACRME-S1603","ACRME-E16","ACRME-E16","","Critical alert catalog","Highest","5","P1","ACRME P1","§37 Alert catalog","As a SRE, I want the full alert catalog wired with severities and triggers, so that critical guardrail violations page the right responders.

Depends on: ACRME-S1601","- All catalog alerts implemented with correct severity + trigger (Engine/DRFloor/Unauthorized/Tier3/VMSS/etc).
- Critical alerts route to on-call; alert tests validate firing conditions."
"Sub-task","ACRME-T160301","ACRME-S1603","ACRME-E16","","Implement Critical alerts (EngineModeConflict, DRFloorViolation, ...)","Highest","","P1","ACRME P1","","",""
"Sub-task","ACRME-T160302","ACRME-S1603","ACRME-E16","","Implement High/Medium/Low alerts + routing + tests","Highest","","P1","ACRME P1","","",""
"Epic","ACRME-E17","","","Reconciliation & Scaling","Reconciliation & Scaling","","","","ACRME","§10; §7; R-04; R-24; R-25; R-40; FC-16","Adaptive, delta-based reconciliation that stays within API budgets at hundreds–thousands of customers, with drift handling and throttle resilience.",""
"Story","ACRME-S1701","ACRME-E17","ACRME-E17","","Adaptive delta-based reconciliation within API budgets","High","8","P1","ACRME P1","§10 Adaptive reconciliation; R-24","As a SRE, I want targeted, event-triggered reconciliation instead of naive full scans, so that reconciliation stays within API budgets at scale.

Depends on: ACRME-S0103","- Reconciliation is delta/event-triggered; full-estate short-interval scan is not used (R-24).
- Critical targeted reconciliation P95 < 2 min; stable-resource age P95 < 15 min.
- ReconciliationStale alert on age beyond policy; ARM confirmation before mutation (R-04)."
"Sub-task","ACRME-T170101","ACRME-S1701","ACRME-E17","","Implement adaptive/delta reconciliation scheduler","High","","P1","ACRME P1","","",""
"Sub-task","ACRME-T170102","ACRME-S1701","ACRME-E17","","Implement event-triggered targeted refresh","High","","P1","ACRME P1","","",""
"Sub-task","ACRME-T170103","ACRME-S1701","ACRME-E17","","Wire ReconciliationStale + ARGDiscoveryLag alerts","High","","P1","ACRME P1","","",""
"Story","ACRME-S1702","ACRME-E17","ACRME-E17","","ARM throttling resilience with per-service budgets","High","5","P1","ACRME P1","§7 FC-16; R-25; ARMThrottling alert","As a SRE, I want per-service API budgets, adaptive backoff, and a manual path, so that throttling never blocks DR actions.

Depends on: ACRME-S0104","- Per-service budgets + adaptive backoff seeded from documented throttle baselines (FC-16).
- ARMThrottling alert on retry-budget/throttle-ratio breach; documented manual path independent of engine (R-25)."
"Sub-task","ACRME-T170201","ACRME-S1702","ACRME-E17","","Implement per-service rate budgets + adaptive backoff (FC-16)","High","","P1","ACRME P1","","",""
"Sub-task","ACRME-T170202","ACRME-S1702","ACRME-E17","","Wire ARMThrottling alert + manual fallback runbook (R-25)","High","","P1","ACRME P1","","",""
"Story","ACRME-S1703","ACRME-E17","ACRME-E17","","Drift handling and maintenance mode","Medium","5","P1","ACRME P1","§10; R-40","As a operations engineer, I want maintenance mode and a clear drift policy, so that manual Azure changes are not unexpectedly reverted.

Depends on: ACRME-S1701","- Maintenance mode suppresses reconciliation-driven reversal; drift policy documented (R-40).
- Drift surfaced with a clear reconcile-or-accept decision."
"Sub-task","ACRME-T170301","ACRME-S1703","ACRME-E17","","Implement maintenance mode + drift policy (R-40)","Medium","","P1","ACRME P1","","",""
"Sub-task","ACRME-T170302","ACRME-S1703","ACRME-E17","","Implement drift surfacing + operator decision path","Medium","","P1","ACRME P1","","",""
"Story","ACRME-S1704","ACRME-E17","ACRME-E17","","Capacity-exhaustion queue and handling","Medium","5","P2","ACRME P2","Runbook A; §22 Should; CapacityExhausted alert","As a operator, I want a capacity-exhaustion queue with incident creation and re-evaluation on confirmed state, so that exhaustion is handled deterministically, not by elapsed time.

Depends on: ACRME-S0701","- On no eligible region/CR: freeze holds, rank alternatives without committing, queue + create incident (Runbook A).
- Re-evaluate only after confirmed state change; CapacityExhausted alert fires."
"Sub-task","ACRME-T170401","ACRME-S1704","ACRME-E17","","Implement capacity-exhaustion queue + incident creation","Medium","","P2","ACRME P2","","",""
"Sub-task","ACRME-T170402","ACRME-S1704","ACRME-E17","","Implement confirmed-state re-evaluation + alert (Runbook A)","Medium","","P2","ACRME P2","","",""
"Epic","ACRME-E18","","","POC & Validation Program","POC & Validation Program","","","","ACRME","§42; B-1..B-7; all FC items","Execute the critical POC sequence and record structured evidence so preview behaviors and unknowns are proven before production, not asserted.",""
"Story","ACRME-S1801","ACRME-E18","ACRME-E18","","POC harness with structured evidence capture","High","8","P1","ACRME P1","§42 evidence fields","As a validation engineer, I want a POC harness that records API version, region, SKU, zone, IDs, timings, and evidence class, so that every result is production-grade evidence, not an assumption.

Depends on: ACRME-S0104","- Harness captures all required evidence fields per run with before/after state + retry history.
- Each result classified as documented/observed/assumed/judgement."
"Sub-task","ACRME-T180101","ACRME-S1801","ACRME-E18","","Build POC harness + structured evidence store","High","","P1","ACRME P1","","",""
"Sub-task","ACRME-T180102","ACRME-S1801","ACRME-E18","","Implement evidence classification + report export","High","","P1","ACRME P1","","",""
"Story","ACRME-S1802","ACRME-E18","ACRME-E18","","Sharing, quota, and zone-alignment POCs (critical sequence 1–8, incl. 6a)","High","8","P1","ACRME P1","§42 seq 1-8; B-1; B-2; B-5; FC-06","As a validation engineer, I want sharing/RBAC, unsharing, quota independence, quantity, and zone-alignment POCs executed, so that foundational platform behaviors are proven before pilot.

Depends on: ACRME-S1801","- Sharing/RBAC, unauthorized-consumer rejection, safe+forced unsharing validated.
- Provider/consumer/group quota independence + quantity/reduction/zero-size behavior validated (B-1/B-5).
- Cross-subscription zone alignment (6a) validated with physical-to-logical tables for ≥2 subscriptions."
"Sub-task","ACRME-T180201","ACRME-S1802","ACRME-E18","","Execute POC 1-3 (sharing/RBAC, rejection, unsharing)","High","","P1","ACRME P1","","",""
"Sub-task","ACRME-T180202","ACRME-S1802","ACRME-E18","","Execute POC 4-5,7-8 (quota + quantity, group availability B-1)","High","","P1","ACRME P1","","",""
"Sub-task","ACRME-T180203","ACRME-S1802","ACRME-E18","","Execute POC 6/6a (zone mapping + cross-sub alignment, FC-06)","High","","P1","ACRME P1","","",""
"Story","ACRME-S1803","ACRME-E18","ACRME-E18","","DR, concurrency, engine-mode, and tier POCs (critical sequence 9–15)","High","8","P2","ACRME P2","§42 seq 9-15; B-7; B-3","As a validation engineer, I want DR-floor, concurrency, engine-mode, and Tier 1/2/3 POCs executed, so that safety-critical behaviors are proven before enabling automation.

Depends on: ACRME-S1802, ACRME-S0901, ACRME-S0902","- DR-floor enforcement, concurrent placement single-winner (B-7), and engine-mode transitions (B-3) validated.
- Tier 1 + Tier 2 validated; Tier 3 confirmed to remain disabled."
"Sub-task","ACRME-T180301","ACRME-S1803","ACRME-E18","","Execute POC 9-12 (DR floor, quota propagation, concurrency, engine mode)","High","","P2","ACRME P2","","",""
"Sub-task","ACRME-T180302","ACRME-S1803","ACRME-E18","","Execute POC 13-15 (Tier 1, Tier 2, Tier 3-disabled)","High","","P2","ACRME P2","","",""
"Story","ACRME-S1804","ACRME-E18","ACRME-E18","","VMSS, AKS, and scale POCs (critical sequence 16–18)","Medium","5","P2","ACRME P2","§42 seq 16-18; FC-08; R-33","As a validation engineer, I want VMSS/AKS behavior and scale testing executed, so that workload integration and scale limits are measured, not assumed.

Depends on: ACRME-S1803","- VMSS Uniform/Flexible + AKS node-pool/autoscaler behavior validated (or Preview limits documented).
- Scale testing at target cardinality validates reconciliation + throughput budgets."
"Sub-task","ACRME-T180401","ACRME-S1804","ACRME-E18","","Execute POC 16-17 (VMSS Uniform/Flexible, AKS)","Medium","","P2","ACRME P2","","",""
"Sub-task","ACRME-T180402","ACRME-S1804","ACRME-E18","","Execute POC 18 (scale testing) + record budgets","Medium","","P2","ACRME P2","","",""
"Epic","ACRME-E19","","","Production Readiness Gates & Governance","Production Readiness Gates & Governance","","","","ACRME","§14; §16; §17; §39; §44; R-01; R-34","Track gap-closure evidence, preview feature-flag governance, and the production entry gates so pilot→production transitions are evidence-based.",""
"Story","ACRME-S1901","ACRME-E19","ACRME-E19","","Preview feature-flag governance and exit paths","Highest","5","P1","ACRME P1","§21; R-01; R-34; R-42; R-43","As a product owner, I want every preview dependency behind a flag with a governance acceptance + exit path, so that preview changes never silently break production.

Depends on: ACRME-S0104","- CRG sharing, groupType enforcement, and VMSS reprovisioning gated behind feature flags (R-01/R-43/R-42).
- Each flag has recorded governance acceptance + a documented exit path.
- Preview/POC results are evidence-labeled and never presented as an SLA (R-34)."
"Sub-task","ACRME-T190101","ACRME-S1901","ACRME-E19","","Implement preview feature-flag framework + registry","Highest","","P1","ACRME P1","","",""
"Sub-task","ACRME-T190102","ACRME-S1901","ACRME-E19","","Record governance acceptance + exit paths per flag","Highest","","P1","ACRME P1","","",""
"Sub-task","ACRME-T190103","ACRME-S1901","ACRME-E19","","Enforce evidence-labeling standard (R-34)","Highest","","P1","ACRME P1","","",""
"Story","ACRME-S1902","ACRME-E19","ACRME-E19","","Gap-closure evidence tracker (G-14/G-15/G-20/G-21/G-23/G-24, B-1..B-7)","High","5","P1","ACRME P1","§39 Gap closure","As a program owner, I want a live tracker mapping each gap to its closure control and acceptance evidence, so that production gates are provably met, not assumed.","- Every gap/blocker has closure control + acceptance evidence status tracked.
- Tracker blocks phase advancement until required evidence is attached."
"Sub-task","ACRME-T190201","ACRME-S1902","ACRME-E19","","Build gap-closure tracker mapping gaps->evidence","High","","P1","ACRME P1","","",""
"Sub-task","ACRME-T190202","ACRME-S1902","ACRME-E19","","Gate phase advancement on evidence completeness","High","","P1","ACRME P1","","",""
"Story","ACRME-S1903","ACRME-E19","ACRME-E19","","Production entry gates and conditional pilot checklist","High","3","P1","ACRME P1","§16; §17; §44 Board actions","As a council/board, I want the pilot and production entry gates encoded as an auditable checklist, so that pilot success is not mistaken for production approval.

Depends on: ACRME-S1902","- Pilot-entry and production-entry gate checklists encoded with named approvers.
- Manual rollback demonstrated; separate production authorization required after pilot.
- Destructive-automation enablement requires separate board authorization."
"Sub-task","ACRME-T190301","ACRME-S1903","ACRME-E19","","Encode pilot + production entry-gate checklists","High","","P1","ACRME P1","","",""
"Sub-task","ACRME-T190302","ACRME-S1903","ACRME-E19","","Record named approvers + separate-authorization rule","High","","P1","ACRME P1","","",""
